

INSERT INTO user (id, name, login, password) VALUES (
    '00000000-0000-0000-0000-000000000001', 'Admin', 'admin', 'admin'
), (
    '00000000-0000-0000-0000-000000000002', 'User 2', 'user2', 'user2'
);

INSERT INTO exercise (id, name, created_by_id, created_at, modified_at, exercise_type, body_type) VALUES (
    '00000000-0000-0000-0000-000000000001', 'Exercise 1', '00000000-0000-0000-0000-000000000001', '2021-01-01 10:00:00.00000', '2021-01-01 10:00:00.00000', 'CARDIO', 'UPPER'
), (
    '00000000-0000-0000-0000-000000000002', 'Exercise 2', '00000000-0000-0000-0000-000000000001', '2021-01-01 10:00:00.00000', '2021-01-01 10:00:00.00000', 'MUSCLE', 'LOWER'
), (
    '00000000-0000-0000-0000-000000000003', 'Exercise 3', '00000000-0000-0000-0000-000000000002', '2021-01-01 10:00:00.00000', '2021-01-01 10:00:00.00000', 'MUSCLE', 'LOWER'
);

INSERT INTO workout_plan (id, name, created_by_id, created_at, modified_at, start_date, end_date) VALUES (
    '00000000-0000-0000-0000-000000000001', 'Workout plan 1', '00000000-0000-0000-0000-000000000001', '2021-01-01 10:00:00.00000', '2021-01-01 10:00:00.00000', '2021-01-01 10:00:00.00000', null
), (
    '00000000-0000-0000-0000-000000000002', 'Workout plan 2', '00000000-0000-0000-0000-000000000001', '2021-01-01 10:00:00.00000', '2021-01-01 10:00:00.00000', '2021-01-01 10:00:00.00000', null
), (
    '00000000-0000-0000-0000-000000000003', 'Workout plan 3', '00000000-0000-0000-0000-000000000002', '2021-01-01 10:00:00.00000', '2021-01-01 10:00:00.00000', '2021-01-01 10:00:00.00000', null
);

INSERT INTO exercise_plan (exercise_id, workout_plan_id, start_date, sets, repetitions, weight) VALUES (
    '00000000-0000-0000-0000-000000000001', '00000000-0000-0000-0000-000000000001', '2021-01-01 10:00:00.00000', 3, 12, 30.5
), (
    '00000000-0000-0000-0000-000000000002', '00000000-0000-0000-0000-000000000001', '2021-01-01 10:00:00.00000', 4, 8, 12
), (
    '00000000-0000-0000-0000-000000000003', '00000000-0000-0000-0000-000000000003', '2021-01-01 10:00:00.00000', 1, 1, 12
);

INSERT INTO history_exercise_plan (exercise_id, workout_plan_id, start_date, sets, repetitions, weight) VALUES (
    '00000000-0000-0000-0000-000000000001', '00000000-0000-0000-0000-000000000001', '2020-12-01 10:00:00.00000', 3, 12, 20
), (
    '00000000-0000-0000-0000-000000000003', '00000000-0000-0000-0000-000000000001', '2020-12-01 10:00:00.00000', 1, 1, 10
);
